{
  "best_learning_rate": 5e-05,
  "cuda_available": true,
  "git_revision": "dfe27efcbbe61a3ed2b04c530028e29b7b00e250",
  "gpu": "NVIDIA RTX A6000",
  "model_id": "google/electra-small-discriminator",
  "model_revision": "fa8239aadc095e9164941d05878b98afe9b953c3",
  "packages": {
    "datasets": "5.0.0",
    "pandas": "2.3.3",
    "pyarrow": "25.0.0",
    "sklearn": "1.7.2",
    "torch": "2.13.0",
    "transformers": "5.14.1"
  },
  "peak_gpu_memory_mb": 69.70849609375,
  "platform": "Linux-6.8.0-90-generic-x86_64-with-glibc2.35",
  "python": "3.10.12",
  "scenario": "full",
  "seed": 42,
  "test_metrics": {
    "accuracy": 0.8111111111111111,
    "balanced_accuracy": 0.7824836628254551,
    "f1": 0.8547008547008547,
    "fn": 21,
    "fp": 64,
    "mcc": 0.6021437934307239,
    "n": 450,
    "precision": 0.7961783439490446,
    "recall": 0.922509225092251,
    "tn": 115,
    "tp": 250
  },
  "validation_f1": 0.8506944444444444,
  "validation_metrics": {
    "epoch": 10.0,
    "eval_accuracy": 0.8084632516703786,
    "eval_balanced_accuracy": 0.7834901944525063,
    "eval_f1": 0.8506944444444444,
    "eval_loss": 0.5736339688301086,
    "eval_mcc": 0.5941984551569712,
    "eval_precision": 0.8032786885245902,
    "eval_recall": 0.9040590405904059,
    "eval_runtime": 0.59,
    "eval_samples_per_second": 761.045,
    "eval_steps_per_second": 25.425
  }
}
